time,channel_1,channel_2,channel_3
0.000000,0.000000,-0.061087,0.000000
0.020000,0.001139,-0.061087,0.000000
0.040000,0.002281,-0.061087,0.000000
0.060000,0.003426,-0.061087,0.000000
0.080000,0.004574,-0.061087,0.000000
0.100000,0.005725,-0.061087,0.000000
0.120000,0.006879,-0.061087,0.000000
0.140000,0.008036,-0.061087,0.000000
0.160000,0.009196,-0.061087,0.000000
0.180000,0.010358,-0.061087,0.000000
0.200000,0.011522,-0.061087,0.000000
0.220000,0.012689,-0.061087,0.000000
0.240000,0.013858,-0.061087,0.000000
0.260000,0.015030,-0.061087,0.000000
0.280000,0.016203,-0.061087,0.000000
0.300000,0.017379,-0.061087,0.000000
0.320000,0.018557,-0.061087,0.000000
0.340000,0.019736,-0.061087,0.000000
0.360000,0.020918,-0.061087,0.000000
0.380000,0.022100,-0.061087,0.000000
0.400000,0.023285,-0.061087,0.000000
0.420000,0.024471,-0.061087,0.000000
0.440000,0.025658,-0.061087,0.000000
0.460000,0.026847,-0.061087,0.000000
0.480000,0.028036,-0.061087,0.000000
0.500000,0.029227,-0.061087,0.000000
0.520000,0.030418,-0.061087,0.000000
0.540000,0.031611,-0.061087,0.000000
0.560000,0.032803,-0.061087,0.000000
0.580000,0.033997,-0.061087,0.000000
0.600000,0.035191,-0.061087,0.000000
0.620000,0.036385,-0.061087,0.000000
0.640000,0.037579,-0.061087,0.000000
0.660000,0.038773,-0.061087,0.000000
0.680000,0.039967,-0.061087,0.000000
0.700000,0.041161,-0.061087,0.000000
0.720000,0.042354,-0.061087,0.000000
0.740000,0.043547,-0.061087,0.000000
0.760000,0.044739,-0.061087,0.000000
0.780000,0.045931,-0.061087,0.000000
0.800000,0.047121,-0.061087,0.000000
0.820000,0.048310,-0.061087,0.000000
0.840000,0.049498,-0.061087,0.000000
0.860000,0.050684,-0.061087,0.000000
0.880000,0.051869,-0.061087,0.000000
0.900000,0.053052,-0.061087,0.000000
0.920000,0.054233,-0.061087,0.000000
0.940000,0.055412,-0.061087,0.000000
0.960000,0.056589,-0.061087,0.000000
0.980000,0.057763,-0.061087,0.000000
1.000000,0.058934,-0.061087,0.000000
1.020000,0.060103,-0.061087,0.000000
1.040000,0.061269,-0.061087,0.000000
1.060000,0.062431,-0.061087,0.000000
1.080000,0.063590,-0.061087,0.000000
1.100000,0.064746,-0.061087,0.000000
1.120000,0.065897,-0.061087,0.000000
1.140000,0.067045,-0.061087,0.000000
1.160000,0.068189,-0.061087,0.000000
1.180000,0.069328,-0.061087,0.000000
1.200000,0.070463,-0.061087,0.000000
1.220000,0.071592,-0.061087,0.000000
1.240000,0.072717,-0.061087,0.000000
1.260000,0.073837,-0.061087,0.000000
1.280000,0.074951,-0.061087,0.000000
1.300000,0.076059,-0.061087,0.000000
1.320000,0.077162,-0.061087,0.000000
1.340000,0.078258,-0.061087,0.000000
1.360000,0.079348,-0.061087,0.000000
1.380000,0.080431,-0.061087,0.000000
1.400000,0.081507,-0.061087,0.000000
1.420000,0.082577,-0.061087,0.000000
1.440000,0.083639,-0.061087,0.000000
1.460000,0.084693,-0.061087,0.000000
1.480000,0.085739,-0.061087,0.000000
1.500000,0.086778,-0.061087,0.000000
1.520000,0.087808,-0.061087,0.000000
1.540000,0.088829,-0.061087,0.000000
1.560000,0.089841,-0.061087,0.000000
1.580000,0.090844,-0.061087,0.000000
1.600000,0.091838,-0.061087,0.000000
1.620000,0.092821,-0.061087,0.000000
1.640000,0.093795,-0.061087,0.000000
1.660000,0.094758,-0.061087,0.000000
1.680000,0.095711,-0.061087,0.000000
1.700000,0.096653,-0.061087,0.000000
1.720000,0.097583,-0.061087,0.000000
1.740000,0.098502,-0.061087,0.000000
1.760000,0.099409,-0.061087,0.000000
1.780000,0.100303,-0.061087,0.000000
1.800000,0.101186,-0.061087,0.000000
1.820000,0.102055,-0.061087,0.000000
1.840000,0.102911,-0.061087,0.000000
1.860000,0.103754,-0.061087,0.000000
1.880000,0.104583,-0.061087,0.000000
1.900000,0.105398,-0.061087,0.000000
1.920000,0.106198,-0.061087,0.000000
1.940000,0.106983,-0.061087,0.000000
1.960000,0.107753,-0.061087,0.000000
1.980000,0.108508,-0.061087,0.000000
2.000000,0.109246,-0.061087,0.000000
2.020000,0.109969,-0.061087,0.000000
2.040000,0.110675,-0.061087,0.000000
2.060000,0.111363,-0.061087,0.000000
2.080000,0.112035,-0.061087,0.000000
2.100000,0.112688,-0.061087,0.000000
2.120000,0.113324,-0.061087,0.000000
2.140000,0.113941,-0.061087,0.000000
2.160000,0.114539,-0.061087,0.000000
2.180000,0.115118,-0.061087,0.000000
2.200000,0.115677,-0.061087,0.000000
2.220000,0.116216,-0.061087,0.000000
2.240000,0.116734,-0.061087,0.000000
2.260000,0.117232,-0.061087,0.000000
2.280000,0.117709,-0.061087,0.000000
2.300000,0.118163,-0.061087,0.000000
2.320000,0.118596,-0.061087,0.000000
2.340000,0.119006,-0.061087,0.000000
2.360000,0.119394,-0.061087,0.000000
2.380000,0.119757,-0.061087,0.000000
2.400000,0.120098,-0.061087,0.000000
2.420000,0.120414,-0.061087,0.000000
2.440000,0.120705,-0.061087,0.000000
2.460000,0.120972,-0.061087,0.000000
2.480000,0.121213,-0.061087,0.000000
2.500000,0.121428,-0.061087,0.000000
2.520000,0.121617,-0.061087,0.000000
2.540000,0.121779,-0.061087,0.000000
2.560000,0.121914,-0.061087,0.000000
2.580000,0.122021,-0.061087,0.000000
2.600000,0.122100,-0.061087,0.000000
2.620000,0.122151,-0.061087,0.000000
2.640000,0.122173,-0.061087,0.000000
2.660000,0.122166,-0.061087,0.000000
2.680000,0.122129,-0.061087,0.000000
2.700000,0.122061,-0.061087,0.000000
2.720000,0.121963,-0.061087,0.000000
2.740000,0.121834,-0.061087,0.000000
2.760000,0.121674,-0.061087,0.000000
2.780000,0.121482,-0.061087,0.000000
2.800000,0.121257,-0.061087,0.000000
2.820000,0.121000,-0.061087,0.000000
2.840000,0.120709,-0.061087,0.000000
2.860000,0.120385,-0.061087,0.000000
2.880000,0.120026,-0.061087,0.000000
2.900000,0.119634,-0.061087,0.000000
2.920000,0.119206,-0.061087,0.000000
2.940000,0.118744,-0.061087,0.000000
2.960000,0.118245,-0.061087,0.000000
2.980000,0.117711,-0.061087,0.000000
3.000000,0.117140,-0.061087,0.000000
3.020000,0.116533,-0.061087,0.000000
3.040000,0.115888,-0.061087,0.000000
3.060000,0.115206,-0.061087,0.000000
3.080000,0.114486,-0.061087,0.000000
3.100000,0.113727,-0.061087,0.000000
3.120000,0.112930,-0.061087,0.000000
3.140000,0.112094,-0.061087,0.000000
3.160000,0.111219,-0.061087,0.000000
3.180000,0.110305,-0.061087,0.000000
3.200000,0.109350,-0.061087,0.000000
3.220000,0.108355,-0.061087,0.000000
3.240000,0.107320,-0.061087,0.000000
3.260000,0.106244,-0.061087,0.000000
3.280000,0.105128,-0.061087,0.000000
3.300000,0.103969,-0.061087,0.000000
3.320000,0.102770,-0.061087,0.000000
3.340000,0.101529,-0.061087,0.000000
3.360000,0.100246,-0.061087,0.000000
3.380000,0.098921,-0.061087,0.000000
3.400000,0.097554,-0.061087,0.000000
3.420000,0.096144,-0.061087,0.000000
3.440000,0.094692,-0.061087,0.000000
3.460000,0.093198,-0.061087,0.000000
3.480000,0.091661,-0.061087,0.000000
3.500000,0.090081,-0.061087,0.000000
3.520000,0.088458,-0.061087,0.000000
3.540000,0.086793,-0.061087,0.000000
3.560000,0.085085,-0.061087,0.000000
3.580000,0.083334,-0.061087,0.000000
3.600000,0.081540,-0.061087,0.000000
3.620000,0.079704,-0.061087,0.000000
3.640000,0.077826,-0.061087,0.000000
3.660000,0.075905,-0.061087,0.000000
3.680000,0.073942,-0.061087,0.000000
3.700000,0.071937,-0.061087,0.000000
3.720000,0.069890,-0.061087,0.000000
3.740000,0.067801,-0.061087,0.000000
3.760000,0.065672,-0.061087,0.000000
3.780000,0.063502,-0.061087,0.000000
3.800000,0.061291,-0.061087,0.000000
3.820000,0.059040,-0.061087,0.000000
3.840000,0.056750,-0.061087,0.000000
3.860000,0.054420,-0.061087,0.000000
3.880000,0.052052,-0.061087,0.000000
3.900000,0.049645,-0.061087,0.000000
3.920000,0.047201,-0.061087,0.000000
3.940000,0.044721,-0.061087,0.000000
3.960000,0.042204,-0.061087,0.000000
3.980000,0.039652,-0.061087,0.000000
4.000000,0.037065,-0.061087,0.000000
4.020000,0.034445,-0.061087,0.000000
4.040000,0.031791,-0.061087,0.000000
4.060000,0.029106,-0.061087,0.000000
4.080000,0.026389,-0.061087,0.000000
4.100000,0.023643,-0.061087,0.000000
4.120000,0.020868,-0.061087,0.000000
4.140000,0.018065,-0.061087,0.000000
4.160000,0.015236,-0.061087,0.000000
4.180000,0.012381,-0.061087,0.000000
4.200000,0.009502,-0.061087,0.000000
4.220000,0.006601,-0.061087,0.000000
4.240000,0.003678,-0.061087,0.000000
4.260000,0.000736,-0.061087,0.000000
4.280000,-0.002224,-0.061087,0.000000
4.300000,-0.005201,-0.061087,0.000000
4.320000,-0.008193,-0.061087,0.000000
4.340000,-0.011198,-0.061087,0.000000
4.360000,-0.014215,-0.061087,0.000000
4.380000,-0.017241,-0.061087,0.000000
4.400000,-0.020274,-0.061087,0.000000
4.420000,-0.023313,-0.061087,0.000000
4.440000,-0.026356,-0.061087,0.000000
4.460000,-0.029400,-0.061087,0.000000
4.480000,-0.032444,-0.061087,0.000000
4.500000,-0.035484,-0.061087,0.000000
4.520000,-0.038519,-0.061087,0.000000
4.540000,-0.041547,-0.061087,0.000000
4.560000,-0.044564,-0.061087,0.000000
4.580000,-0.047569,-0.061087,0.000000
4.600000,-0.050559,-0.061087,0.000000
4.620000,-0.053531,-0.061087,0.000000
4.640000,-0.056482,-0.061087,0.000000
4.660000,-0.059410,-0.061087,0.000000
4.680000,-0.062312,-0.061087,0.000000
4.700000,-0.065185,-0.061087,0.000000
4.720000,-0.068026,-0.061087,0.000000
4.740000,-0.070832,-0.061087,0.000000
4.760000,-0.073600,-0.061087,0.000000
4.780000,-0.076326,-0.061087,0.000000
4.800000,-0.079009,-0.061087,0.000000
4.820000,-0.081644,-0.061087,0.000000
4.840000,-0.084228,-0.061087,0.000000
4.860000,-0.086758,-0.061087,0.000000
4.880000,-0.089230,-0.061087,0.000000
4.900000,-0.091642,-0.061087,0.000000
4.920000,-0.093989,-0.061087,0.000000
4.940000,-0.096268,-0.061087,0.000000
4.960000,-0.098476,-0.061087,0.000000
4.980000,-0.100609,-0.061087,0.000000
5.000000,-0.102664,-0.061087,0.000000
5.020000,-0.104637,-0.061087,0.000000
5.040000,-0.106524,-0.061087,0.000000
5.060000,-0.108322,-0.061087,0.000000
5.080000,-0.110027,-0.061087,0.000000
5.100000,-0.111635,-0.061087,0.000000
5.120000,-0.113144,-0.061087,0.000000
5.140000,-0.114548,-0.061087,0.000000
5.160000,-0.115846,-0.061087,0.000000
5.180000,-0.117033,-0.061087,0.000000
5.200000,-0.118106,-0.061087,0.000000
5.220000,-0.119061,-0.061087,0.000000
5.240000,-0.119895,-0.061087,0.000000
5.260000,-0.120604,-0.061087,0.000000
5.280000,-0.121185,-0.061087,0.000000
5.300000,-0.121636,-0.061087,0.000000
5.320000,-0.121952,-0.061087,0.000000
5.340000,-0.122131,-0.061087,0.000000
5.360000,-0.122170,-0.061087,0.000000
5.380000,-0.122066,-0.061087,0.000000
5.400000,-0.121816,-0.061087,0.000000
5.420000,-0.121418,-0.061087,0.000000
5.440000,-0.120869,-0.061087,0.000000
5.460000,-0.120167,-0.061087,0.000000
5.480000,-0.119309,-0.061087,0.000000
5.500000,-0.118295,-0.061087,0.000000
5.520000,-0.117121,-0.061087,0.000000
5.540000,-0.115787,-0.061087,0.000000
5.560000,-0.114291,-0.061087,0.000000
5.580000,-0.112631,-0.061087,0.000000
5.600000,-0.110808,-0.061087,0.000000
5.620000,-0.108820,-0.061087,0.000000
5.640000,-0.106666,-0.061087,0.000000
5.660000,-0.104348,-0.061087,0.000000
5.680000,-0.101864,-0.061087,0.000000
5.700000,-0.099216,-0.061087,0.000000
5.720000,-0.096403,-0.061087,0.000000
5.740000,-0.093428,-0.061087,0.000000
5.760000,-0.090292,-0.061087,0.000000
5.780000,-0.086996,-0.061087,0.000000
5.800000,-0.083542,-0.061087,0.000000
5.820000,-0.079933,-0.061087,0.000000
5.840000,-0.076172,-0.061087,0.000000
5.860000,-0.072262,-0.061087,0.000000
5.880000,-0.068207,-0.061087,0.000000
5.900000,-0.064011,-0.061087,0.000000
5.920000,-0.059678,-0.061087,0.000000
5.940000,-0.055213,-0.061087,0.000000
5.960000,-0.050622,-0.061087,0.000000
5.980000,-0.045911,-0.061087,0.000000
6.000000,-0.041085,-0.061087,0.000000
6.020000,-0.036152,-0.061087,0.000000
6.040000,-0.031119,-0.061087,0.000000
6.060000,-0.025994,-0.061087,0.000000
6.080000,-0.020784,-0.061087,0.000000
6.100000,-0.015498,-0.061087,0.000000
6.120000,-0.010146,-0.061087,0.000000
6.140000,-0.004737,-0.061087,0.000000
6.160000,0.000719,-0.061087,0.000000
6.180000,0.006211,-0.061087,0.000000
6.200000,0.011729,-0.061087,0.000000
6.220000,0.017261,-0.061087,0.000000
6.240000,0.022796,-0.061087,0.000000
6.260000,0.028320,-0.061087,0.000000
6.280000,0.033822,-0.061087,0.000000
6.300000,0.039288,-0.061087,0.000000
6.320000,0.044705,-0.061087,0.000000
6.340000,0.050060,-0.061087,0.000000
6.360000,0.055337,-0.061087,0.000000
6.380000,0.060524,-0.061087,0.000000
6.400000,0.065604,-0.061087,0.000000
6.420000,0.070564,-0.061087,0.000000
6.440000,0.075389,-0.061087,0.000000
6.460000,0.080062,-0.061087,0.000000
6.480000,0.084570,-0.061087,0.000000
6.500000,0.088896,-0.061087,0.000000
6.520000,0.093026,-0.061087,0.000000
6.540000,0.096943,-0.061087,0.000000
6.560000,0.100634,-0.061087,0.000000
6.580000,0.104082,-0.061087,0.000000
6.600000,0.107273,-0.061087,0.000000
6.620000,0.110192,-0.061087,0.000000
6.640000,0.112826,-0.061087,0.000000
6.660000,0.115160,-0.061087,0.000000
6.680000,0.117180,-0.061087,0.000000
6.700000,0.118875,-0.061087,0.000000
6.720000,0.120232,-0.061087,0.000000
6.740000,0.121239,-0.061087,0.000000
6.760000,0.121887,-0.061087,0.000000
6.780000,0.122164,-0.061087,0.000000
6.800000,0.122062,-0.061087,0.000000
6.820000,0.121573,-0.061087,0.000000
6.840000,0.120691,-0.061087,0.000000
6.860000,0.119409,-0.061087,0.000000
6.880000,0.117724,-0.061087,0.000000
6.900000,0.115633,-0.061087,0.000000
6.920000,0.113134,-0.061087,0.000000
6.940000,0.110226,-0.061087,0.000000
6.960000,0.106913,-0.061087,0.000000
6.980000,0.103196,-0.061087,0.000000
7.000000,0.099081,-0.061087,0.000000
7.020000,0.094575,-0.061087,0.000000
7.040000,0.089685,-0.061087,0.000000
7.060000,0.084424,-0.061087,0.000000
7.080000,0.078802,-0.061087,0.000000
7.100000,0.072835,-0.061087,0.000000
7.120000,0.066539,-0.061087,0.000000
7.140000,0.059932,-0.061087,0.000000
7.160000,0.053035,-0.061087,0.000000
7.180000,0.045871,-0.061087,0.000000
7.200000,0.038464,-0.061087,0.000000
7.220000,0.030841,-0.061087,0.000000
7.240000,0.023030,-0.061087,0.000000
7.260000,0.015062,-0.061087,0.000000
7.280000,0.006970,-0.061087,0.000000
7.300000,-0.001212,-0.061087,0.000000
7.320000,-0.009449,-0.061087,0.000000
7.340000,-0.017702,-0.061087,0.000000
7.360000,-0.025933,-0.061087,0.000000
7.380000,-0.034102,-0.061087,0.000000
7.400000,-0.042166,-0.061087,0.000000
7.420000,-0.050083,-0.061087,0.000000
7.440000,-0.057810,-0.061087,0.000000
7.460000,-0.065304,-0.061087,0.000000
7.480000,-0.072519,-0.061087,0.000000
7.500000,-0.079412,-0.061087,0.000000
7.520000,-0.085939,-0.061087,0.000000
7.540000,-0.092056,-0.061087,0.000000
7.560000,-0.097720,-0.061087,0.000000
7.580000,-0.102889,-0.061087,0.000000
7.600000,-0.107524,-0.061087,0.000000
7.620000,-0.111585,-0.061087,0.000000
7.640000,-0.115036,-0.061087,0.000000
7.660000,-0.117843,-0.061087,0.000000
7.680000,-0.119974,-0.061087,0.000000
7.700000,-0.121402,-0.061087,0.000000
7.720000,-0.122102,-0.061087,0.000000
7.740000,-0.122053,-0.061087,0.000000
7.760000,-0.121239,-0.061087,0.000000
7.780000,-0.119648,-0.061087,0.000000
7.800000,-0.117273,-0.061087,0.000000
7.820000,-0.114112,-0.061087,0.000000
7.840000,-0.110169,-0.061087,0.000000
7.860000,-0.105454,-0.061087,0.000000
7.880000,-0.099981,-0.061087,0.000000
7.900000,-0.093772,-0.061087,0.000000
7.920000,-0.086856,-0.061087,0.000000
7.940000,-0.079266,-0.061087,0.000000
7.960000,-0.071044,-0.061087,0.000000
7.980000,-0.062236,-0.061087,0.000000
8.000000,-0.052897,-0.061087,0.000000
8.020000,-0.043087,-0.061087,0.000000
8.040000,-0.032870,-0.061087,0.000000
8.060000,-0.022320,-0.061087,0.000000
8.080000,-0.011514,-0.061087,0.000000
8.100000,-0.000535,-0.061087,0.000000
8.120000,0.010531,-0.061087,0.000000
8.140000,0.021593,-0.061087,0.000000
8.160000,0.032555,-0.061087,0.000000
8.180000,0.043320,-0.061087,0.000000
8.200000,0.053789,-0.061087,0.000000
8.220000,0.063863,-0.061087,0.000000
8.240000,0.073439,-0.061087,0.000000
8.260000,0.082421,-0.061087,0.000000
8.280000,0.090708,-0.061087,0.000000
8.300000,0.098209,-0.061087,0.000000
8.320000,0.104832,-0.061087,0.000000
8.340000,0.110492,-0.061087,0.000000
8.360000,0.115113,-0.061087,0.000000
8.380000,0.118623,-0.061087,0.000000
8.400000,0.120962,-0.061087,0.000000
8.420000,0.122079,-0.061087,0.000000
8.440000,0.121933,-0.061087,0.000000
8.460000,0.120499,-0.061087,0.000000
8.480000,0.117761,-0.061087,0.000000
8.500000,0.113721,-0.061087,0.000000
8.520000,0.108393,-0.061087,0.000000
8.540000,0.101809,-0.061087,0.000000
8.560000,0.094016,-0.061087,0.000000
8.580000,0.085077,-0.061087,0.000000
8.600000,0.075071,-0.061087,0.000000
8.620000,0.064095,-0.061087,0.000000
8.640000,0.052260,-0.061087,0.000000
8.660000,0.039694,-0.061087,0.000000
8.680000,0.026538,-0.061087,0.000000
8.700000,0.012947,-0.061087,0.000000
8.720000,-0.000914,-0.061087,0.000000
8.740000,-0.014868,-0.061087,0.000000
8.760000,-0.028731,-0.061087,0.000000
8.780000,-0.042313,-0.061087,0.000000
8.800000,-0.055419,-0.061087,0.000000
8.820000,-0.067856,-0.061087,0.000000
8.840000,-0.079433,-0.061087,0.000000
8.860000,-0.089962,-0.061087,0.000000
8.880000,-0.099266,-0.061087,0.000000
8.900000,-0.107177,-0.061087,0.000000
8.920000,-0.113546,-0.061087,0.000000
8.940000,-0.118238,-0.061087,0.000000
8.960000,-0.121143,-0.061087,0.000000
8.980000,-0.122173,-0.061087,0.000000
9.000000,-0.121268,-0.061087,0.000000
9.020000,-0.118399,-0.061087,0.000000
9.040000,-0.113568,-0.061087,0.000000
9.060000,-0.106811,-0.061087,0.000000
9.080000,-0.098197,-0.061087,0.000000
9.100000,-0.087833,-0.061087,0.000000
9.120000,-0.075860,-0.061087,0.000000
9.140000,-0.062454,-0.061087,0.000000
9.160000,-0.047824,-0.061087,0.000000
9.180000,-0.032211,-0.061087,0.000000
9.200000,-0.015882,-0.061087,0.000000
9.220000,0.000870,-0.061087,0.000000
9.240000,0.017733,-0.061087,0.000000
9.260000,0.034382,-0.061087,0.000000
9.280000,0.050480,-0.061087,0.000000
9.300000,0.065693,-0.061087,0.000000
9.320000,0.079689,-0.061087,0.000000
9.340000,0.092150,-0.061087,0.000000
9.360000,0.102777,-0.061087,0.000000
9.380000,0.111303,-0.061087,0.000000
9.400000,0.117492,-0.061087,0.000000
9.420000,0.121154,-0.061087,0.000000
9.440000,0.122149,-0.061087,0.000000
9.460000,0.120392,-0.061087,0.000000
9.480000,0.115860,-0.061087,0.000000
9.500000,0.108595,-0.061087,0.000000
9.520000,0.098705,-0.061087,0.000000
9.540000,0.086368,-0.061087,0.000000
9.560000,0.071831,-0.061087,0.000000
9.580000,0.055403,-0.061087,0.000000
9.600000,0.037455,-0.061087,0.000000
9.620000,0.018413,-0.061087,0.000000
9.640000,-0.001252,-0.061087,0.000000
9.660000,-0.021035,-0.061087,0.000000
9.680000,-0.040407,-0.061087,0.000000
9.700000,-0.058830,-0.061087,0.000000
9.720000,-0.075772,-0.061087,0.000000
9.740000,-0.090721,-0.061087,0.000000
9.760000,-0.103204,-0.061087,0.000000
9.780000,-0.112802,-0.061087,0.000000
9.800000,-0.119164,-0.061087,0.000000
9.820000,-0.122026,-0.061087,0.000000
9.840000,-0.121217,-0.061087,0.000000
9.860000,-0.116679,-0.061087,0.000000
9.880000,-0.108465,-0.061087,0.000000
9.900000,-0.096751,-0.061087,0.000000
9.920000,-0.081835,-0.061087,0.000000
9.940000,-0.064129,-0.061087,0.000000
9.960000,-0.044160,-0.061087,0.000000
9.980000,-0.022549,-0.061087,0.000000
10.000000,-0.000000,-0.061087,0.000000
