time,channel_1,channel_2,channel_3
0.000000,0.000049,-0.000048,-0.000024
0.020000,0.011286,-0.018307,-0.010929
0.040000,0.022607,-0.036032,-0.021742
0.060000,0.033761,-0.052800,-0.032268
0.080000,0.044481,-0.068203,-0.042327
0.100000,0.054496,-0.081867,-0.051763
0.120000,0.063537,-0.093457,-0.060446
0.140000,0.071352,-0.102685,-0.068276
0.160000,0.077711,-0.109322,-0.075185
0.180000,0.082417,-0.113200,-0.081140
0.200000,0.085317,-0.114220,-0.086140
0.220000,0.086307,-0.112352,-0.090217
0.240000,0.085338,-0.107638,-0.093433
0.260000,0.082423,-0.100189,-0.095873
0.280000,0.077636,-0.090185,-0.097646
0.300000,0.071112,-0.077868,-0.098874
0.320000,0.063050,-0.063535,-0.099691
0.340000,0.053701,-0.047535,-0.100230
0.360000,0.043368,-0.030253,-0.100623
0.380000,0.032394,-0.012107,-0.100990
0.400000,0.021155,0.006467,-0.101436
0.420000,0.010042,0.025026,-0.102042
0.440000,-0.000544,0.043128,-0.102866
0.460000,-0.010209,0.060347,-0.103933
0.480000,-0.018581,0.076282,-0.105238
0.500000,-0.025321,0.090566,-0.106744
0.520000,-0.030134,0.102876,-0.108380
0.540000,-0.032785,0.112940,-0.110045
0.560000,-0.033106,0.120544,-0.111611
0.580000,-0.031000,0.125535,-0.112927
0.600000,-0.026455,0.127826,-0.113827
0.620000,-0.019538,0.127396,-0.114132
0.640000,-0.010401,0.124286,-0.113661
0.660000,0.000726,0.118604,-0.112237
0.680000,0.013538,0.110514,-0.109697
0.700000,0.027661,0.100234,-0.105896
0.720000,0.042669,0.088027,-0.100719
0.740000,0.058090,0.074196,-0.094084
0.760000,0.073427,0.059072,-0.085950
0.780000,0.088165,0.043006,-0.076321
0.800000,0.101796,0.026361,-0.065251
0.820000,0.113831,0.009496,-0.052839
0.840000,0.123819,-0.007236,-0.039239
0.860000,0.131358,-0.023502,-0.024651
0.880000,0.136115,-0.038995,-0.009319
0.900000,0.137835,-0.053443,0.006472
0.920000,0.136349,-0.066614,0.022406
0.940000,0.131586,-0.078323,0.038140
0.960000,0.123573,-0.088433,0.053317
0.980000,0.112438,-0.096856,0.067574
1.000000,0.098409,-0.103558,0.080552
1.020000,0.081805,-0.108554,0.091910
1.040000,0.063030,-0.111906,0.101333
1.060000,0.042561,-0.113720,0.108543
1.080000,0.020936,-0.114141,0.113308
1.100000,-0.001264,-0.113346,0.115453
1.120000,-0.023434,-0.111536,0.114863
1.140000,-0.044959,-0.108933,0.111493
1.160000,-0.065236,-0.105766,0.105367
1.180000,-0.083691,-0.102266,0.096581
1.200000,-0.099800,-0.098661,0.085305
1.220000,-0.113102,-0.095163,0.071774
1.240000,-0.123215,-0.091966,0.056291
1.260000,-0.129850,-0.089235,0.039211
1.280000,-0.132816,-0.087108,0.020941
1.300000,-0.132033,-0.085684,0.001922
1.320000,-0.127529,-0.085028,-0.017376
1.340000,-0.119440,-0.085165,-0.036472
1.360000,-0.108012,-0.086080,-0.054887
1.380000,-0.093585,-0.087722,-0.072151
1.400000,-0.076591,-0.090005,-0.087825
1.420000,-0.057536,-0.092811,-0.101509
1.440000,-0.036984,-0.095997,-0.112852
1.460000,-0.015544,-0.099397,-0.121566
1.480000,0.006153,-0.102832,-0.127434
1.500000,0.027469,-0.106114,-0.130315
1.520000,0.047783,-0.109053,-0.130147
1.540000,0.066506,-0.111466,-0.126955
1.560000,0.083101,-0.113183,-0.120844
1.580000,0.097097,-0.114049,-0.111999
1.600000,0.108103,-0.113937,-0.100681
1.620000,0.115823,-0.112747,-0.087219
1.640000,0.120056,-0.110412,-0.071997
1.660000,0.120711,-0.106899,-0.055450
1.680000,0.117799,-0.102216,-0.038043
1.700000,0.111437,-0.096404,-0.020266
1.720000,0.101844,-0.089544,-0.002610
1.740000,0.089327,-0.081748,0.014436
1.760000,0.074276,-0.073163,0.030411
1.780000,0.057148,-0.063960,0.044887
1.800000,0.038453,-0.054336,0.057485
1.820000,0.018736,-0.044500,0.067885
1.840000,-0.001439,-0.034674,0.075838
1.860000,-0.021506,-0.025083,0.081169
1.880000,-0.040916,-0.015946,0.083786
1.900000,-0.059152,-0.007476,0.083678
1.920000,-0.075745,0.000134,0.080920
1.940000,-0.090284,0.006712,0.075667
1.960000,-0.102433,0.012116,0.068149
1.980000,-0.111932,0.016234,0.058665
2.000000,-0.118607,0.018990,0.047573
2.020000,-0.122373,0.020350,0.035280
2.040000,-0.123228,0.020315,0.022226
2.060000,-0.121258,0.018929,0.008876
2.080000,-0.116623,0.016273,-0.004301
2.100000,-0.109554,0.012467,-0.016841
2.120000,-0.100340,0.007662,-0.028303
2.140000,-0.089317,0.002039,-0.038279
2.160000,-0.076855,-0.004197,-0.046411
2.180000,-0.063341,-0.010822,-0.052397
2.200000,-0.049172,-0.017602,-0.056003
2.220000,-0.034733,-0.024296,-0.057072
2.240000,-0.020389,-0.030664,-0.055525
2.260000,-0.006473,-0.036476,-0.051364
2.280000,0.006727,-0.041514,-0.044675
2.300000,0.018970,-0.045582,-0.035622
2.320000,0.030075,-0.048510,-0.024445
2.340000,0.039919,-0.050158,-0.011449
2.360000,0.048442,-0.050418,0.003001
2.380000,0.055640,-0.049222,0.018495
2.400000,0.061569,-0.046536,0.034586
2.420000,0.066331,-0.042369,0.050806
2.440000,0.070073,-0.036764,0.066681
2.460000,0.072973,-0.029803,0.081741
2.480000,0.075235,-0.021602,0.095539
2.500000,0.077071,-0.012306,0.107660
2.520000,0.078697,-0.002086,0.117733
2.540000,0.080317,0.008865,0.125445
2.560000,0.082116,0.020340,0.130549
2.580000,0.084248,0.032119,0.132867
2.600000,0.086831,0.043981,0.132300
2.620000,0.089939,0.055705,0.128829
2.640000,0.093599,0.067077,0.122512
2.660000,0.097787,0.077897,0.113487
2.680000,0.102433,0.087980,0.101962
2.700000,0.107416,0.097162,0.088215
2.720000,0.112574,0.105305,0.072579
2.740000,0.117709,0.112295,0.055439
2.760000,0.122595,0.118049,0.037214
2.780000,0.126983,0.122511,0.018350
2.800000,0.130620,0.125653,-0.000695
2.820000,0.133251,0.127476,-0.019463
2.840000,0.134635,0.128005,-0.037506
2.860000,0.134553,0.127290,-0.054404
2.880000,0.132821,0.125397,-0.069770
2.900000,0.129296,0.122413,-0.083263
2.920000,0.123886,0.118435,-0.094593
2.940000,0.116551,0.113569,-0.103532
2.960000,0.107314,0.107926,-0.109915
2.980000,0.096259,0.101616,-0.113645
3.000000,0.083528,0.094747,-0.114689
3.020000,0.069324,0.087424,-0.113084
3.040000,0.053903,0.079738,-0.108927
3.060000,0.037567,0.071773,-0.102375
3.080000,0.020656,0.063600,-0.093635
3.100000,0.003542,0.055276,-0.082959
3.120000,-0.013389,0.046847,-0.070634
3.140000,-0.029743,0.038346,-0.056971
3.160000,-0.045130,0.029795,-0.042301
3.180000,-0.059181,0.021207,-0.026957
3.200000,-0.071553,0.012587,-0.011273
3.220000,-0.081943,0.003940,0.004432
3.240000,-0.090097,-0.004735,0.019858
3.260000,-0.095817,-0.013433,0.034733
3.280000,-0.098967,-0.022147,0.048816
3.300000,-0.099477,-0.030859,0.061906
3.320000,-0.097344,-0.039544,0.073842
3.340000,-0.092632,-0.048163,0.084505
3.360000,-0.085470,-0.056662,0.093818
3.380000,-0.076047,-0.064974,0.101745
3.400000,-0.064605,-0.073016,0.108287
3.420000,-0.051433,-0.080690,0.113483
3.440000,-0.036854,-0.087885,0.117398
3.460000,-0.021220,-0.094481,0.120122
3.480000,-0.004894,-0.100347,0.121763
3.500000,0.011753,-0.105347,0.122441
3.520000,0.028359,-0.109345,0.122283
3.540000,0.044579,-0.112209,0.121412
3.560000,0.060095,-0.113812,0.119947
3.580000,0.074624,-0.114042,0.117998
3.600000,0.087926,-0.112804,0.115655
3.620000,0.099807,-0.110023,0.112995
3.640000,0.110124,-0.105652,0.110070
3.660000,0.118790,-0.099673,0.106915
3.680000,0.125765,-0.092099,0.103542
3.700000,0.131065,-0.082978,0.099943
3.720000,0.134749,-0.072395,0.096093
3.740000,0.136919,-0.060469,0.091953
3.760000,0.137714,-0.047354,0.087472
3.780000,0.137298,-0.033237,0.082595
3.800000,0.135859,-0.018335,0.077263
3.820000,0.133593,-0.002892,0.071423
3.840000,0.130703,0.012830,0.065026
3.860000,0.127385,0.028553,0.058040
3.880000,0.123826,0.043989,0.050447
3.900000,0.120191,0.058851,0.042248
3.920000,0.116626,0.072856,0.033467
3.940000,0.113244,0.085735,0.024151
3.960000,0.110130,0.097239,0.014374
3.980000,0.107338,0.107147,0.004228
4.000000,0.104887,0.115271,-0.006168
4.020000,0.102768,0.121463,-0.016678
4.040000,0.100942,0.125620,-0.027150
4.060000,0.099348,0.127685,-0.037420
4.080000,0.097904,0.127653,-0.047319
4.100000,0.096515,0.125569,-0.056675
4.120000,0.095078,0.121530,-0.065323
4.140000,0.093489,0.115683,-0.073105
4.160000,0.091647,0.108219,-0.079884
4.180000,0.089459,0.099374,-0.085541
4.200000,0.086848,0.089417,-0.089983
4.220000,0.083756,0.078647,-0.093150
4.240000,0.080145,0.067387,-0.095012
4.260000,0.075999,0.055969,-0.095575
4.280000,0.071328,0.044733,-0.094881
4.300000,0.066166,0.034011,-0.093007
4.320000,0.060565,0.024123,-0.090065
4.340000,0.054601,0.015362,-0.086195
4.360000,0.048361,0.007994,-0.081568
4.380000,0.041947,0.002241,-0.076373
4.400000,0.035462,-0.001718,-0.070819
4.420000,0.029015,-0.003758,-0.065124
4.440000,0.022706,-0.003808,-0.059509
4.460000,0.016629,-0.001857,-0.054192
4.480000,0.010860,0.002047,-0.049381
4.500000,0.005458,0.007798,-0.045265
4.520000,0.000461,0.015233,-0.042013
4.540000,-0.004117,0.024136,-0.039762
4.560000,-0.008289,0.034244,-0.038619
4.580000,-0.012089,0.045256,-0.038650
4.600000,-0.015576,0.056835,-0.039885
4.620000,-0.018831,0.068623,-0.042313
4.640000,-0.021948,0.080250,-0.045883
4.660000,-0.025035,0.091341,-0.050504
4.680000,-0.028205,0.101529,-0.056052
4.700000,-0.031574,0.110466,-0.062368
4.720000,-0.035250,0.117831,-0.069270
4.740000,-0.039327,0.123341,-0.076551
4.760000,-0.043884,0.126759,-0.083992
4.780000,-0.048975,0.127900,-0.091367
4.800000,-0.054625,0.126640,-0.098450
4.820000,-0.060829,0.122916,-0.105020
4.840000,-0.067545,0.116733,-0.110871
4.860000,-0.074699,0.108162,-0.115818
4.880000,-0.082180,0.097338,-0.119702
4.900000,-0.089847,0.084462,-0.122394
4.920000,-0.097530,0.069791,-0.123799
4.940000,-0.105034,0.053633,-0.123862
4.960000,-0.112150,0.036344,-0.122561
4.980000,-0.118656,0.018312,-0.119917
5.000000,-0.124332,-0.000048,-0.115984
5.020000,-0.128964,-0.018307,-0.110852
5.040000,-0.132353,-0.036032,-0.104641
5.060000,-0.134327,-0.052800,-0.097495
5.080000,-0.134747,-0.068203,-0.089579
5.100000,-0.133513,-0.081867,-0.081071
5.120000,-0.130575,-0.093457,-0.072156
5.140000,-0.125930,-0.102685,-0.063019
5.160000,-0.119633,-0.109322,-0.053838
5.180000,-0.111793,-0.113200,-0.044781
5.200000,-0.102572,-0.114220,-0.035993
5.220000,-0.092185,-0.112352,-0.027600
5.240000,-0.080893,-0.107638,-0.019698
5.260000,-0.068996,-0.100189,-0.012355
5.280000,-0.056826,-0.090185,-0.005605
5.300000,-0.044733,-0.077868,0.000548
5.320000,-0.033080,-0.063535,0.006130
5.340000,-0.022224,-0.047535,0.011198
5.360000,-0.012510,-0.030253,0.015832
5.380000,-0.004254,-0.012107,0.020133
5.400000,0.002266,0.006467,0.024217
5.420000,0.006821,0.025026,0.028208
5.440000,0.009242,0.043128,0.032233
5.460000,0.009427,0.060347,0.036414
5.480000,0.007347,0.076282,0.040863
5.500000,0.003045,0.090566,0.045672
5.520000,-0.003355,0.102876,0.050911
5.540000,-0.011656,0.112940,0.056621
5.560000,-0.021592,0.120544,0.062812
5.580000,-0.032832,0.125535,0.069456
5.600000,-0.044991,0.127826,0.076492
5.620000,-0.057642,0.127396,0.083819
5.640000,-0.070328,0.124286,0.091304
5.660000,-0.082576,0.118604,0.098781
5.680000,-0.093915,0.110514,0.106056
5.700000,-0.103887,0.100234,0.112914
5.720000,-0.112068,0.088027,0.119126
5.740000,-0.118079,0.074196,0.124455
5.760000,-0.121600,0.059072,0.128664
5.780000,-0.122386,0.043006,0.131528
5.800000,-0.120269,0.026361,0.132841
5.820000,-0.115175,0.009496,0.132423
5.840000,-0.107120,-0.007236,0.130130
5.860000,-0.096217,-0.023502,0.125861
5.880000,-0.082674,-0.038995,0.119563
5.900000,-0.066785,-0.053443,0.111238
5.920000,-0.048928,-0.066614,0.100944
5.940000,-0.029553,-0.078323,0.088796
5.960000,-0.009166,-0.088433,0.074966
5.980000,0.011683,-0.096856,0.059685
6.000000,0.032414,-0.103558,0.043230
6.020000,0.052442,-0.108554,0.025927
6.040000,0.071190,-0.111906,0.008138
6.060000,0.088107,-0.113720,-0.009746
6.080000,0.102688,-0.114141,-0.027317
6.100000,0.114491,-0.113346,-0.044159
6.120000,0.123146,-0.111536,-0.059860
6.140000,0.128376,-0.108933,-0.074024
6.160000,0.129999,-0.105766,-0.086287
6.180000,0.127937,-0.102266,-0.096319
6.200000,0.122224,-0.098661,-0.103843
6.220000,0.112999,-0.095163,-0.108640
6.240000,0.100506,-0.091966,-0.110558
6.260000,0.085086,-0.089235,-0.109517
6.280000,0.067172,-0.087108,-0.105512
6.300000,0.047267,-0.085684,-0.098616
6.320000,0.025939,-0.085028,-0.088979
6.340000,0.003796,-0.085165,-0.076825
6.360000,-0.018527,-0.086080,-0.062446
6.380000,-0.040390,-0.087722,-0.046197
6.400000,-0.061169,-0.090005,-0.028483
6.420000,-0.080269,-0.092811,-0.009752
6.440000,-0.097150,-0.095997,0.009519
6.460000,-0.111335,-0.099397,0.028837
6.480000,-0.122432,-0.102832,0.047705
6.500000,-0.130141,-0.106114,0.065642
6.520000,-0.134263,-0.109053,0.082187
6.540000,-0.134707,-0.111466,0.096921
6.560000,-0.131491,-0.113183,0.109474
6.580000,-0.124741,-0.114049,0.119539
6.600000,-0.114688,-0.113937,0.126876
6.620000,-0.101657,-0.112747,0.131325
6.640000,-0.086056,-0.110412,0.132807
6.660000,-0.068369,-0.106899,0.131326
6.680000,-0.049131,-0.102216,0.126970
6.700000,-0.028921,-0.096404,0.119910
6.720000,-0.008334,-0.089544,0.110390
6.740000,0.012029,-0.081748,0.098725
6.760000,0.031583,-0.073163,0.085287
6.780000,0.049777,-0.063960,0.070499
6.800000,0.066109,-0.054336,0.054815
6.820000,0.080139,-0.044500,0.038716
6.840000,0.091503,-0.034674,0.022685
6.860000,0.099923,-0.025083,0.007201
6.880000,0.105211,-0.015946,-0.007280
6.900000,0.107274,-0.007476,-0.020337
6.920000,0.106114,0.000134,-0.031596
6.940000,0.101825,0.006712,-0.040744
6.960000,0.094588,0.012116,-0.047534
6.980000,0.084664,0.016234,-0.051797
7.000000,0.072379,0.018990,-0.053441
7.020000,0.058116,0.020350,-0.052461
7.040000,0.042300,0.020315,-0.048933
7.060000,0.025381,0.018929,-0.043012
7.080000,0.007821,0.016273,-0.034930
7.100000,-0.009923,0.012467,-0.024986
7.120000,-0.027409,0.007662,-0.013539
7.140000,-0.044232,0.002039,-0.000994
7.160000,-0.060028,-0.004197,0.012210
7.180000,-0.074485,-0.010822,0.025609
7.200000,-0.087355,-0.017602,0.038735
7.220000,-0.098456,-0.024296,0.051128
7.240000,-0.107674,-0.030664,0.062347
7.260000,-0.114966,-0.036476,0.071987
7.280000,-0.120353,-0.041514,0.079690
7.300000,-0.123919,-0.045582,0.085157
7.320000,-0.125804,-0.048510,0.088156
7.340000,-0.126192,-0.050158,0.088529
7.360000,-0.125304,-0.050418,0.086198
7.380000,-0.123386,-0.049222,0.081165
7.400000,-0.120696,-0.046536,0.073516
7.420000,-0.117493,-0.042369,0.063415
7.440000,-0.114025,-0.036764,0.051098
7.460000,-0.110521,-0.029803,0.036872
7.480000,-0.107177,-0.021602,0.021099
7.500000,-0.104151,-0.012306,0.004191
7.520000,-0.101559,-0.002086,-0.013407
7.540000,-0.099465,0.008865,-0.031226
7.560000,-0.097885,0.020340,-0.048788
7.580000,-0.096784,0.032119,-0.065622
7.600000,-0.096081,0.043981,-0.081273
7.620000,-0.095651,0.055705,-0.095320
7.640000,-0.095335,0.067077,-0.107381
7.660000,-0.094943,0.077897,-0.117132
7.680000,-0.094268,0.087980,-0.124309
7.700000,-0.093096,0.097162,-0.128719
7.720000,-0.091213,0.105305,-0.130240
7.740000,-0.088418,0.112295,-0.128830
7.760000,-0.084534,0.118049,-0.124521
7.780000,-0.079416,0.122511,-0.117424
7.800000,-0.072961,0.125653,-0.107718
7.820000,-0.065110,0.127476,-0.095647
7.840000,-0.055861,0.128005,-0.081515
7.860000,-0.045266,0.127290,-0.065671
7.880000,-0.033430,0.125397,-0.048506
7.900000,-0.020519,0.122413,-0.030432
7.920000,-0.006745,0.118435,-0.011882
7.940000,0.007630,0.113569,0.006714
7.960000,0.022307,0.107926,0.024930
7.980000,0.036957,0.101616,0.042363
8.000000,0.051232,0.094747,0.058640
8.020000,0.064773,0.087424,0.073424
8.040000,0.077226,0.079738,0.086428
8.060000,0.088252,0.071773,0.097417
8.080000,0.097536,0.063600,0.106212
8.100000,0.104802,0.055276,0.112695
8.120000,0.109818,0.046847,0.116807
8.140000,0.112408,0.038346,0.118547
8.160000,0.112456,0.029795,0.117972
8.180000,0.109911,0.021207,0.115190
8.200000,0.104790,0.012587,0.110355
8.220000,0.097178,0.003940,0.103658
8.240000,0.087224,-0.004735,0.095325
8.260000,0.075139,-0.013433,0.085602
8.280000,0.061191,-0.022147,0.074751
8.300000,0.045692,-0.030859,0.063039
8.320000,0.028996,-0.039544,0.050732
8.340000,0.011481,-0.048163,0.038085
8.360000,-0.006456,-0.056662,0.025337
8.380000,-0.024414,-0.064974,0.012705
8.400000,-0.041999,-0.073016,0.000377
8.420000,-0.058836,-0.080690,-0.011489
8.440000,-0.074578,-0.087885,-0.022766
8.460000,-0.088914,-0.094481,-0.033364
8.480000,-0.101581,-0.100347,-0.043222
8.500000,-0.112368,-0.105347,-0.052314
8.520000,-0.121120,-0.109345,-0.060639
8.540000,-0.127741,-0.112209,-0.068223
8.560000,-0.132194,-0.113812,-0.075110
8.580000,-0.134501,-0.114042,-0.081361
8.600000,-0.134738,-0.112804,-0.087045
8.620000,-0.133033,-0.110023,-0.092235
8.640000,-0.129555,-0.105652,-0.097004
8.660000,-0.124510,-0.099673,-0.101416
8.680000,-0.118130,-0.092099,-0.105527
8.700000,-0.110667,-0.082978,-0.109378
8.720000,-0.102380,-0.072395,-0.112994
8.740000,-0.093529,-0.060469,-0.116378
8.760000,-0.084364,-0.047354,-0.119517
8.780000,-0.075118,-0.033237,-0.122377
8.800000,-0.065999,-0.018335,-0.124907
8.820000,-0.057187,-0.002892,-0.127041
8.840000,-0.048827,0.012830,-0.128700
8.860000,-0.041026,0.028553,-0.129797
8.880000,-0.033853,0.043989,-0.130240
8.900000,-0.027342,0.058851,-0.129941
8.920000,-0.021487,0.072856,-0.128814
8.940000,-0.016252,0.085735,-0.126787
8.960000,-0.011572,0.097239,-0.123803
8.980000,-0.007357,0.107147,-0.119822
9.000000,-0.003503,0.115271,-0.114830
9.020000,0.000106,0.121463,-0.108838
9.040000,0.003590,0.125620,-0.101885
9.060000,0.007066,0.127685,-0.094037
9.080000,0.010642,0.127653,-0.085388
9.100000,0.014415,0.125569,-0.076061
9.120000,0.018460,0.121530,-0.066201
9.140000,0.022831,0.115683,-0.055973
9.160000,0.027559,0.108219,-0.045558
9.180000,0.032649,0.099374,-0.035151
9.200000,0.038081,0.089417,-0.024948
9.220000,0.043812,0.078647,-0.015146
9.240000,0.049778,0.067387,-0.005935
9.260000,0.055897,0.055969,0.002508
9.280000,0.062074,0.044733,0.010027
9.300000,0.068206,0.034011,0.016489
9.320000,0.074188,0.024123,0.021792
9.340000,0.079916,0.015362,0.025866
9.360000,0.085294,0.007994,0.028677
9.380000,0.090241,0.002241,0.030230
9.400000,0.094689,-0.001718,0.030567
9.420000,0.098593,-0.003758,0.029768
9.440000,0.101929,-0.003808,0.027947
9.460000,0.104697,-0.001857,0.025251
9.480000,0.106920,0.002047,0.021855
9.500000,0.108645,0.007798,0.017956
9.520000,0.109938,0.015233,0.013766
9.540000,0.110882,0.024136,0.009508
9.560000,0.111574,0.034244,0.005408
9.580000,0.112116,0.045256,0.001685
9.600000,0.112615,0.056835,-0.001452
9.620000,0.113172,0.068623,-0.003811
9.640000,0.113880,0.080250,-0.005227
9.660000,0.114815,0.091341,-0.005565
9.680000,0.116036,0.101529,-0.004722
9.700000,0.117575,0.110466,-0.002634
9.720000,0.119439,0.117831,0.000723
9.740000,0.121602,0.123341,0.005332
9.760000,0.124012,0.126759,0.011139
9.780000,0.126585,0.127900,0.018049
9.800000,0.129209,0.126640,0.025935
9.820000,0.131750,0.122916,0.034636
9.840000,0.134053,0.116733,0.043968
9.860000,0.135951,0.108162,0.053729
9.880000,0.137268,0.097338,0.063700
9.900000,0.137832,0.084462,0.073661
9.920000,0.137476,0.069791,0.083391
9.940000,0.136052,0.053633,0.092676
9.960000,0.133435,0.036344,0.101320
9.980000,0.129531,0.018312,0.109148
10.000000,0.124283,-0.000048,0.116008
10.020000,0.117678,-0.018307,0.121782
10.040000,0.109746,-0.036032,0.126383
10.060000,0.100566,-0.052800,0.129763
10.080000,0.090266,-0.068203,0.131906
10.100000,0.079018,-0.081867,0.132834
10.120000,0.067037,-0.093457,0.132602
10.140000,0.054578,-0.102685,0.131295
10.160000,0.041923,-0.109322,0.129024
10.180000,0.029376,-0.113200,0.125921
10.200000,0.017255,-0.114220,0.122133
10.220000,0.005878,-0.112352,0.117817
10.240000,-0.004445,-0.107638,0.113131
10.260000,-0.013427,-0.100189,0.108227
10.280000,-0.020810,-0.090185,0.103250
10.300000,-0.026379,-0.077868,0.098327
10.320000,-0.029970,-0.063535,0.093561
10.340000,-0.031477,-0.047535,0.089032
10.360000,-0.030858,-0.030253,0.084791
10.380000,-0.028141,-0.012107,0.080857
10.400000,-0.023420,0.006467,0.077219
10.420000,-0.016863,0.025026,0.073835
10.440000,-0.008698,0.043128,0.070633
10.460000,0.000782,0.060347,0.067519
10.480000,0.011235,0.076282,0.064376
10.500000,0.022276,0.090566,0.061072
10.520000,0.033489,0.102876,0.057469
10.540000,0.044442,0.112940,0.053423
10.560000,0.054698,0.120544,0.048799
10.580000,0.063832,0.125535,0.043471
10.600000,0.071446,0.127826,0.037335
10.620000,0.077180,0.127396,0.030313
10.640000,0.080729,0.124286,0.022357
10.660000,0.081850,0.118604,0.013456
10.680000,0.080377,0.110514,0.003641
10.700000,0.076226,0.100234,-0.007019
10.720000,0.069399,0.088027,-0.018408
10.740000,0.059988,0.074196,-0.030371
10.760000,0.048174,0.059072,-0.042714
10.780000,0.034221,0.043006,-0.055207
10.800000,0.018474,0.026361,-0.067590
10.820000,0.001344,0.009496,-0.079583
10.840000,-0.016699,-0.007236,-0.090890
10.860000,-0.035140,-0.023502,-0.101210
10.880000,-0.053441,-0.038995,-0.110244
10.900000,-0.071050,-0.053443,-0.117711
10.920000,-0.087421,-0.066614,-0.123350
10.940000,-0.102033,-0.078323,-0.126936
10.960000,-0.114407,-0.088433,-0.128283
10.980000,-0.124121,-0.096856,-0.127258
11.000000,-0.130823,-0.103558,-0.123782
11.020000,-0.134247,-0.108554,-0.117838
11.040000,-0.134220,-0.111906,-0.109471
11.060000,-0.130668,-0.113720,-0.098797
11.080000,-0.123625,-0.114141,-0.085991
11.100000,-0.113227,-0.113346,-0.071294
11.120000,-0.099712,-0.111536,-0.055004
11.140000,-0.083417,-0.108933,-0.037469
11.160000,-0.064763,-0.105766,-0.019080
11.180000,-0.044247,-0.102266,-0.000263
11.200000,-0.022425,-0.098661,0.018538
11.220000,0.000103,-0.095163,0.036866
11.240000,0.022709,-0.091966,0.054268
11.260000,0.044763,-0.089235,0.070306
11.280000,0.065645,-0.087108,0.084571
11.300000,0.084766,-0.085684,0.096693
11.320000,0.101590,-0.085028,0.106354
11.340000,0.115644,-0.085165,0.113297
11.360000,0.126538,-0.086080,0.117333
11.380000,0.133975,-0.087722,0.118348
11.400000,0.137760,-0.090005,0.116308
11.420000,0.137805,-0.092811,0.111260
11.440000,0.134133,-0.095997,0.103333
11.460000,0.126879,-0.099397,0.092730
11.480000,0.116280,-0.102832,0.079729
11.500000,0.102672,-0.106114,0.064673
11.520000,0.086480,-0.109053,0.047960
11.540000,0.068201,-0.111466,0.030034
11.560000,0.048390,-0.113183,0.011369
11.580000,0.027645,-0.114049,-0.007540
11.600000,0.006585,-0.113937,-0.026195
11.620000,-0.014166,-0.112747,-0.044107
11.640000,-0.034000,-0.110412,-0.060810
11.660000,-0.052342,-0.106899,-0.075876
11.680000,-0.068667,-0.102216,-0.088927
11.700000,-0.082517,-0.096404,-0.099644
11.720000,-0.093510,-0.089544,-0.107780
11.740000,-0.101356,-0.081748,-0.113161
11.760000,-0.105860,-0.073163,-0.115699
11.780000,-0.106926,-0.063960,-0.115386
11.800000,-0.104562,-0.054336,-0.112300
11.820000,-0.098874,-0.044500,-0.106601
11.840000,-0.090064,-0.034674,-0.098523
11.860000,-0.078417,-0.025083,-0.088370
11.880000,-0.064294,-0.015946,-0.076505
11.900000,-0.048121,-0.007476,-0.063341
11.920000,-0.030369,0.000134,-0.049324
11.940000,-0.011541,0.006712,-0.034923
11.960000,0.007844,0.012116,-0.020615
11.980000,0.027268,0.016234,-0.006868
12.000000,0.046228,0.018990,0.005868
12.020000,0.064256,0.020350,0.017182
12.040000,0.080928,0.020315,0.026706
12.060000,0.095877,0.018929,0.034136
12.080000,0.108802,0.016273,0.039231
12.100000,0.119477,0.012467,0.041827
12.120000,0.127750,0.007662,0.041842
12.140000,0.133550,0.002039,0.039273
12.160000,0.136882,-0.004197,0.034201
12.180000,0.137826,-0.010822,0.026788
12.200000,0.136527,-0.017602,0.017268
12.220000,0.133189,-0.024296,0.005944
12.240000,0.128064,-0.030664,-0.006822
12.260000,0.121439,-0.036476,-0.020623
12.280000,0.113626,-0.041514,-0.035015
12.300000,0.104949,-0.045582,-0.049535
12.320000,0.095729,-0.048510,-0.063711
12.340000,0.086273,-0.050158,-0.077080
12.360000,0.076863,-0.050418,-0.089199
12.380000,0.067746,-0.049222,-0.099660
12.400000,0.059127,-0.046536,-0.108102
12.420000,0.051162,-0.042369,-0.114221
12.440000,0.043952,-0.036764,-0.117779
12.460000,0.037547,-0.029803,-0.118613
12.480000,0.031942,-0.021602,-0.116638
12.500000,0.027080,-0.012306,-0.111850
12.520000,0.022862,-0.002086,-0.104325
12.540000,0.019148,0.008865,-0.094219
12.560000,0.015769,0.020340,-0.081760
12.580000,0.012537,0.032119,-0.067245
12.600000,0.009251,0.043981,-0.051027
12.620000,0.005713,0.055705,-0.033509
12.640000,0.001736,0.067077,-0.015131
12.660000,-0.002845,0.077897,0.003645
12.680000,-0.008165,0.087980,0.022347
12.700000,-0.014320,0.097162,0.040504
12.720000,-0.021361,0.105305,0.057660
12.740000,-0.029291,0.112295,0.073390
12.760000,-0.038060,0.118049,0.087308
12.780000,-0.047567,0.122511,0.099075
12.800000,-0.057660,0.125653,0.108413
12.820000,-0.068141,0.127476,0.115110
12.840000,-0.078773,0.128005,0.119021
12.860000,-0.089288,0.127290,0.120076
12.880000,-0.099391,0.125397,0.118276
12.900000,-0.108778,0.122413,0.113695
12.920000,-0.117140,0.118435,0.106475
12.940000,-0.124180,0.113569,0.096818
12.960000,-0.129621,0.107926,0.084985
12.980000,-0.133216,0.101616,0.071281
13.000000,-0.134760,0.094747,0.056049
13.020000,-0.134097,0.087424,0.039660
13.040000,-0.131129,0.079738,0.022499
13.060000,-0.125818,0.071773,0.004958
13.080000,-0.118192,0.063600,-0.012577
13.100000,-0.108343,0.055276,-0.029736
13.120000,-0.096428,0.046847,-0.046173
13.140000,-0.082665,0.038346,-0.061576
13.160000,-0.067325,0.029795,-0.075672
13.180000,-0.050730,0.021207,-0.088233
13.200000,-0.033238,0.012587,-0.099082
13.220000,-0.015235,0.003940,-0.108091
13.240000,0.002873,-0.004735,-0.115183
13.260000,0.020678,-0.013433,-0.120335
13.280000,0.037777,-0.022147,-0.123567
13.300000,0.053785,-0.030859,-0.124945
13.320000,0.068348,-0.039544,-0.124574
13.340000,0.081151,-0.048163,-0.122590
13.360000,0.091925,-0.056662,-0.119155
13.380000,0.100461,-0.064974,-0.114449
13.400000,0.106604,-0.073016,-0.108664
13.420000,0.110269,-0.080690,-0.101994
13.440000,0.111432,-0.087885,-0.094632
13.460000,0.110134,-0.094481,-0.086758
13.480000,0.106475,-0.100347,-0.078541
13.500000,0.100616,-0.105347,-0.070128
13.520000,0.092761,-0.109345,-0.061644
13.540000,0.083162,-0.112209,-0.053189
13.560000,0.072098,-0.113812,-0.044837
13.580000,0.059876,-0.114042,-0.036637
13.600000,0.046813,-0.112804,-0.028610
13.620000,0.033227,-0.110023,-0.020759
13.640000,0.019431,-0.105652,-0.013067
13.660000,0.005720,-0.099673,-0.005499
13.680000,-0.007635,-0.092099,0.001985
13.700000,-0.020398,-0.082978,0.009436
13.720000,-0.032369,-0.072395,0.016901
13.740000,-0.043390,-0.060469,0.024425
13.760000,-0.053350,-0.047354,0.032044
13.780000,-0.062181,-0.033237,0.039782
13.800000,-0.069860,-0.018335,0.047644
13.820000,-0.076406,-0.002892,0.055618
13.840000,-0.081876,0.012830,0.063674
13.860000,-0.086360,0.028553,0.071756
13.880000,-0.089972,0.043989,0.079793
13.900000,-0.092849,0.058851,0.087693
13.920000,-0.095138,0.072856,0.095347
13.940000,-0.096992,0.085735,0.102636
13.960000,-0.098559,0.097239,0.109429
13.980000,-0.099981,0.107147,0.115594
14.000000,-0.101384,0.115271,0.120998
14.020000,-0.102874,0.121463,0.125516
14.040000,-0.104532,0.125620,0.129035
14.060000,-0.106413,0.127685,0.131457
14.080000,-0.108546,0.127653,0.132708
14.100000,-0.110930,0.125569,0.132737
14.120000,-0.113538,0.121530,0.131524
14.140000,-0.116320,0.115683,0.129078
14.160000,-0.119205,0.108219,0.125442
14.180000,-0.122108,0.099374,0.120691
14.200000,-0.124930,0.089417,0.114931
14.220000,-0.127569,0.078647,0.108296
14.240000,-0.129923,0.067387,0.100947
14.260000,-0.131896,0.055969,0.093067
14.280000,-0.133402,0.044733,0.084854
14.300000,-0.134372,0.034011,0.076518
14.320000,-0.134753,0.024123,0.068273
14.340000,-0.134517,0.015362,0.060330
14.360000,-0.133656,0.007994,0.052891
14.380000,-0.132188,0.002241,0.046143
14.400000,-0.130152,-0.001718,0.040252
14.420000,-0.127608,-0.003758,0.035356
14.440000,-0.124636,-0.003808,0.031562
14.460000,-0.121326,-0.001857,0.028941
14.480000,-0.117780,0.002047,0.027525
14.500000,-0.114103,0.007798,0.027309
14.520000,-0.110399,0.015233,0.028247
14.540000,-0.106765,0.024136,0.030254
14.560000,-0.103286,0.034244,0.033211
14.580000,-0.100028,0.045256,0.036965
14.600000,-0.097039,0.056835,0.041337
14.620000,-0.094341,0.068623,0.046124
14.640000,-0.091932,0.080250,0.051110
14.660000,-0.089781,0.091341,0.056069
14.680000,-0.087831,0.101529,0.060773
14.700000,-0.086001,0.110466,0.065002
14.720000,-0.084189,0.117831,0.068547
14.740000,-0.082275,0.123341,0.071219
14.760000,-0.080128,0.126759,0.072853
14.780000,-0.077610,0.127900,0.073318
14.800000,-0.074584,0.126640,0.072515
14.820000,-0.070921,0.122916,0.070384
14.840000,-0.066508,0.116733,0.066902
14.860000,-0.061252,0.108162,0.062089
14.880000,-0.055088,0.097338,0.056001
14.900000,-0.047985,0.084462,0.048732
14.920000,-0.039946,0.069791,0.040409
14.940000,-0.031018,0.053633,0.031186
14.960000,-0.021285,0.036344,0.021241
14.980000,-0.010875,0.018312,0.010769
15.000000,0.000049,-0.000048,-0.000024
